CSDUID,total_area_km2,canopy_area_km2,canopy_proportion
3519048,11.941929019677163,1.6594946802496433,13.896370322711112
