CSDUID,total_area_km2,canopy_area_km2,canopy_proportion
3519038,26.568875118192935,3.6444240557371046,13.71689256517149
