CSDUID,total_area_km2,canopy_area_km2,canopy_proportion
3521005,81.54989325235499,10.263194270502371,12.585171925048463
