CSDUID,total_area_km2,canopy_area_km2,canopy_proportion
3521010,72.53487915948942,4.756649782250972,6.557741375417566
