CSDUID,total_area_km2,canopy_area_km2,canopy_proportion
3518013,28.139773285132495,4.381995260424664,15.572247921200802
