CSDUID,total_area_km2,canopy_area_km2,canopy_proportion
3519028,52.44870831403023,3.2695678918785074,6.233838729263588
