CSDUID,total_area_km2,canopy_area_km2,canopy_proportion
3519046,10.84110124601596,1.607663374298823,14.829336409800892
