CSDUID,total_area_km2,canopy_area_km2,canopy_proportion
3542059,2.527573152047136,0.3195275901689551,12.641675272985186
3543031,3.393110070192197,0.4212325261587328,12.414349002679797
3543042,12.83513534594707,1.0954564001577811,8.534825466438821
