CSDUID,total_area_km2,canopy_area_km2,canopy_proportion
3524001,34.76827062976787,5.100820907061126,14.670907740501507
