CSDUID,total_area_km2,canopy_area_km2,canopy_proportion
3526032,15.416204375251507,2.2572758674760456,14.642228479402988
