CSDUID,total_area_km2,canopy_area_km2,canopy_proportion
3522014,4.431527485695028,0.6270061089961241,14.148758210799775
