CSDUID,total_area_km2,canopy_area_km2,canopy_proportion
3524002,31.421418986990684,6.200507670294659,19.733378918570917
