CSDUID,total_area_km2,canopy_area_km2,canopy_proportion
5915004,75.30743660876806,9.997372305612702,13.275411773143139
