CSDUID,total_area_km2,canopy_area_km2,canopy_proportion
3519036,47.520751457019955,5.641038933342083,11.870685459265324
