CSDUID,total_area_km2,canopy_area_km2,canopy_proportion
4806021,14.925355473310395,0.16098736679747758,1.0786166338574388
