CSDUID,total_area_km2,canopy_area_km2,canopy_proportion
3518005,16.56361539115539,2.2975594648042246,13.871123003925042
