CSDUID,total_area_km2,canopy_area_km2,canopy_proportion
5915002,3.317993335148254,0.3646313483009149,10.98951418733403
