CSDUID,total_area_km2,canopy_area_km2,canopy_proportion
4609029,5.718707656892805,0.8366497864085888,14.63004994494111
