CSDUID,total_area_km2,canopy_area_km2,canopy_proportion
2465005,65.0917095878885,9.247572422996031,14.20698961748688
