CSDUID,total_area_km2,canopy_area_km2,canopy_proportion
2423057,3.056875618728384,0.33923178907548895,11.097336999815663
