CSDUID,total_area_km2,canopy_area_km2,canopy_proportion
2423027.0,52.45333497623079,6.774469215820952,12.915230688174164
3520005.0,115.09363483379053,19.925836137647742,17.31271774188305
3521005.0,44.28112351000089,4.449467240353997,10.048225717102877
3525005.0,62.44184230735867,7.864071675327204,12.594233905876342
4611040.0,68.59484584525897,11.924250029700906,17.383594762499296
4806016.0,130.3522909247546,7.16546766922395,5.4970017161878575
