CSDUID,total_area_km2,canopy_area_km2,canopy_proportion
4614039,1.6797298071220934,0.2948477811701388,17.553286244012423
4617050,3.100576064690832,0.4190408706203861,13.514935995036456
4618074,0.5600338808151404,0.048333902579826955,8.630531872371009
4620048,2.0376880778012394,0.23190804214087202,11.380939245181805
4622026,3.10142279257502,0.245202435000947,7.906127329301098
