CSDUID,total_area_km2,canopy_area_km2,canopy_proportion
4806019,3.5938744184058335,0.024737140406785763,0.6883139900519573
4806021,8.030576831026954,0.05112366220352978,0.6366125781401939
