CSDUID,total_area_km2,canopy_area_km2,canopy_proportion
3526043,15.881043677134588,2.3884155958116042,15.039412046013245
3526053,13.868271262282198,2.597933836676286,18.73293208319292
