CSDUID,total_area_km2,canopy_area_km2,canopy_proportion
2432040,0.9113926680286061,0.052739305665160205,5.7866721464018696
2437067,21.508298271616095,1.5136379019956763,7.037460067183382
