CSDUID,total_area_km2,canopy_area_km2,canopy_proportion
3521010,38.59498452947464,1.905406760384371,4.936928421176667
3522014,2.3221597907680644,0.26734812847834827,11.512908351148466
