CSDUID,total_area_km2,canopy_area_km2,canopy_proportion
3518013,14.855164590468114,1.905463981480579,12.826946277681964
3519028,27.913218087486772,1.3452253038283544,4.819312841722847
