CSDUID,total_area_km2,canopy_area_km2,canopy_proportion
3518005,8.861098099850372,1.1734281582381456,13.24246887931373
3518009,14.257072231911298,1.749206477034047,12.269044082689263
