CSDUID,total_area_km2,canopy_area_km2,canopy_proportion
2411040,0.6335007248624825,0.035879292399946645,5.663654514007882
2421045,1.2568526766134682,0.1643436247790725,13.075806563255195
