CSDUID,total_area_km2,canopy_area_km2,canopy_proportion
5915034,11.056031868529644,1.008070003417018,9.117828307698996
5915039,4.407733542728012,0.3187097236809786,7.230693974384948
5915043,2.621040075964313,0.3009258013695966,11.481159869670527
5915046,8.041337570707576,2.2106541489128873,27.49112482189162
