CSDUID,total_area_km2,canopy_area_km2,canopy_proportion
3519036,25.25123512448315,2.6143082303592955,10.353189527052118
3519038,14.01681887671227,1.6264587385696634,11.603622425855011
3519046,5.6431904498568235,0.6778676398900324,12.012134729694104
3519048,6.23157255828819,0.6709951340441017,10.7676694408646
