CSDUID,total_area_km2,canopy_area_km2,canopy_proportion
5915051,2.648569239108191,0.39624768156260515,14.960820193472724
5915055,6.652089520222267,1.8003040290472556,27.06373724488154
5915065,0.3436102493890992,0.119000566654089,34.63242638007998
5917010,1.1000411785009498,0.1743234672592642,15.846994700400089
