CSDUID,total_area_km2,canopy_area_km2,canopy_proportion
5907014,0.9314415236612045,0.08074846385028274,8.66919305174262
5907041,4.406437504423548,0.2614024110196739,5.932284544084795
5909052,21.42551190900061,2.362524688400038,11.026689576586353
5915001,19.480830259200417,2.893594366189299,14.853547449923038
