CSDUID,total_area_km2,canopy_area_km2,canopy_proportion
4811062,13.980295803210101,3.224666408772892,23.065795274749885
4811068,2.28870428659232,0.1384858613778563,6.050841176343039
