CSDUID,total_area_km2,canopy_area_km2,canopy_proportion
2466058,2.401183313854948,0.39509996293317756,16.454385662828447
4607062,14.122656951667183,2.1675779916365117,15.348230853831144
