CSDUID,total_area_km2,canopy_area_km2,canopy_proportion
4611040.0,25.17141519075096,3.6831516509605797,14.632278809313531
