CSDUID,total_area_km2,canopy_area_km2,canopy_proportion
4806016.0,46.77330116897641,4.57822613500881,9.7881184791067
