CSDUID,total_area_km2,canopy_area_km2,canopy_proportion
2423027.0,19.250165523608228,3.3293361657132,17.295104094716134
