CSDUID,total_area_km2,canopy_area_km2,canopy_proportion
2423027.0,19.247722140552014,2.7228294671259,14.14624259038587
