CSDUID,total_area_km2,canopy_area_km2,canopy_proportion
4611040.0,25.167597663533467,6.477433032020354,25.737192395624696
