CSDUID,total_area_km2,canopy_area_km2,canopy_proportion
4611040.0,25.153743281106387,2.3491493631950373,9.339164103497641
