CSDUID,total_area_km2,canopy_area_km2,canopy_proportion
2423027.0,19.230223250907052,3.6415534929440416,18.936615791874786
