CSDUID,total_area_km2,canopy_area_km2,canopy_proportion
4611040.0,25.16087550545907,5.297568084571865,21.054784375140166
