CSDUID,total_area_km2,canopy_area_km2,canopy_proportion
3520005.0,42.468122021076105,8.779187270641795,20.672416986757398
