CSDUID,total_area_km2,canopy_area_km2,canopy_proportion
3525005.0,23.740435707372214,5.48147168370985,23.089178948841557
