CSDUID,total_area_km2,canopy_area_km2,canopy_proportion
4811061.0,36.37637281041247,1.5350146856109999,4.219812386493942
