CSDUID,total_area_km2,canopy_area_km2,canopy_proportion
3525005.0,23.69126126596024,3.1230099709429897,13.182117810798664
