CSDUID,total_area_km2,canopy_area_km2,canopy_proportion
3520005.0,42.511955918881995,8.002527839413665,18.8241817306253
