CSDUID,total_area_km2,canopy_area_km2,canopy_proportion
4811061.0,36.39756527778138,6.918953694697919,19.00938604517468
