CSDUID,total_area_km2,canopy_area_km2,canopy_proportion
4611040.0,25.180766668251504,3.3369715422424546,13.252064904162692
