CSDUID,total_area_km2,canopy_area_km2,canopy_proportion
4811061.0,36.41513116854891,2.316116706250745,6.360314056073298
