CSDUID,total_area_km2,canopy_area_km2,canopy_proportion
3525005.0,23.704968280766934,3.6854773557363956,15.547278157408941
