CSDUID,total_area_km2,canopy_area_km2,canopy_proportion
3520005.0,42.44590474234069,8.090267002602516,19.06018272366404
