CSDUID,total_area_km2,canopy_area_km2,canopy_proportion
3525005.0,23.71196721084527,4.128381144883628,17.41053835042167
