CSDUID,total_area_km2,canopy_area_km2,canopy_proportion
3520005.0,42.477755619145285,7.017628060065002,16.520712918509435
