CSDUID,total_area_km2,canopy_area_km2,canopy_proportion
3525005.0,23.713207672914603,3.694764947305012,15.58104242272208
