CSDUID,total_area_km2,canopy_area_km2,canopy_proportion
3520005.0,42.501145502448686,8.462124265548908,19.91034398134367
