CSDUID,total_area_km2,canopy_area_km2,canopy_proportion
4806016.0,46.806785845590625,3.6332398688396785,7.762207558590446
