CSDUID,total_area_km2,canopy_area_km2,canopy_proportion
4806016.0,46.791380544534874,4.720540462741516,10.0884829808529
