CSDUID,total_area_km2,canopy_area_km2,canopy_proportion
2423027.0,19.234569667118798,3.1522631874394444,16.388529829332185
