CSDUID,total_area_km2,canopy_area_km2,canopy_proportion
4811061.0,36.40110843594213,5.43240369585375,14.923731527059333
