CSDUID,total_area_km2,canopy_area_km2,canopy_proportion
2423027.0,19.243104768068395,2.5311780824403356,13.15368862222545
