CSDUID,total_area_km2,canopy_area_km2,canopy_proportion
4806016.0,46.74357822352769,1.5365211863663386,3.287127868171961
