CSDUID,total_area_km2,canopy_area_km2,canopy_proportion
4806016.0,46.82305811365673,1.362610711476557,2.9101275447857367
