CSDUID,total_area_km2,canopy_area_km2,canopy_proportion
3521005.0,11.072620683662395,0.9489940712618699,8.570636513017254
3521005.0,11.075484381501077,0.46113759576543906,4.163588515691992
3525005.0,15.599121733702406,1.3980856818062846,8.962592289959987
3525005.0,15.605002391993283,2.1204206229968827,13.588082652809089
3525005.0,15.614637554110326,2.032300519260322,13.015355061669995
