CSDUID,total_area_km2,canopy_area_km2,canopy_proportion
4806016.0,32.560796693837794,1.1299160188031068,3.470173133131432
4806016.0,32.58542334063534,2.652249585766127,8.139374339380348
4806016.0,32.59484159628788,2.4500442054440246,7.516662408701665
4806016.0,32.61122929399361,0.9332578592106909,2.8617684135647714
