CSDUID,total_area_km2,canopy_area_km2,canopy_proportion
4812009,2.752842740043839,0.13799402299934937,5.0127826407240335
4812018,2.1608077509273618,0.07675967548728835,3.5523602437257598
