CSDUID,total_area_km2,canopy_area_km2,canopy_proportion
2466032,2.0343578455322944,0.7056787006016735,34.68803200732028
2466047,0.7171264852151373,0.21650721849311466,30.190938831127212
