CSDUID,total_area_km2,canopy_area_km2,canopy_proportion
2411040,1.2111032061483669,0.09744106679012815,8.045645184939843
2421045,2.3794564763479293,0.4527153941027558,19.026000206467266
