CSDUID,total_area_km2,canopy_area_km2,canopy_proportion
4612056,1.267585275190086,0.13948462187839492,11.003963568248134
4613047,3.594980272031945,0.3812935891097349,10.606277649869304
