CSDUID,total_area_km2,canopy_area_km2,canopy_proportion
3522021,1.5281923264083461,0.13826688149339234,9.04774085722285
3523008,22.25595951297528,3.7616341912512348,16.901694079099094
