CSDUID,total_area_km2,canopy_area_km2,canopy_proportion
5915015,26.58408252193547,4.058979919951741,15.268459675456292
2409065,0.5447492360342172,0.022148639745791527,4.06584135978491
