CSDUID,total_area_km2,canopy_area_km2,canopy_proportion
4806017,5.31841730665995,0.0702964090913548,1.3217542933933866
4806019,6.795095573322347,0.08606217080891268,1.2665336326805194
