CSDUID,total_area_km2,canopy_area_km2,canopy_proportion
3526043,29.777798891618403,5.444441799008595,18.283560241724413
3526053,25.841231022017574,4.770788581964417,18.46192458052617
