CSDUID,total_area_km2,canopy_area_km2,canopy_proportion
5915007,2.4074011925706658,0.2477583157468769,10.29152583754917
5915011,25.615923368159606,3.0100406466300136,11.750662286769138
