CSDUID,total_area_km2,canopy_area_km2,canopy_proportion
4806012,7.283640061115415,0.1739702646956433,2.388507164493265
