CSDUID,total_area_km2,canopy_area_km2,canopy_proportion
3518009,26.756608528235468,4.071527482969906,15.216904185271996
