CSDUID,total_area_km2,canopy_area_km2,canopy_proportion
2466023,138.69729559950304,27.858034393928165,20.0854921312741
