CSDUID,total_area_km2,canopy_area_km2,canopy_proportion
4612056,0.6714741908346363,0.050838202220168785,7.571132727674517
