CSDUID,total_area_km2,canopy_area_km2,canopy_proportion
4806017,2.809771307027568,0.023935912802843948,0.8518811742072183
