CSDUID,total_area_km2,canopy_area_km2,canopy_proportion
2423057,1.627210766352897,0.16940858434621414,10.41097980969689
