CSDUID,total_area_km2,canopy_area_km2,canopy_proportion
3526032,8.01744266410968,1.074062386308533,13.39657084317678
